result;sentence;response;response_formatted;corrections
false;So I think we can not live if old people could not find siences and tecnologies and they did not developped . ;I believe we wouldn't be able to live as we do today if previous generations hadn't discovered and developed various sciences and technologies .;[];['So I think we would not be alive if our ancestors did not develop sciences and technologies . ', 'So I think we could not live if older people did not develop science and technologies . ', 'So I think we can not live if old people could not find science and technologies and they did not develop . ', 'So I think we can not live if old people can not find the science and technology that has not been developed . ']
false;Here was no promise of morning except that we looked up through the trees we saw how low the forest had swung . ;There was no promise of morning , but when we looked up through the trees , we could see how low the forest had dipped .;[];['Here was no promise of morning , except that we looked up through the trees , and we saw how low the forest had swung . ', 'Here , there was no promise of morning , except that we looked up through the trees and saw how low the forest had swung . ', 'Here was no promise of morning except that we looked up through the trees and we saw how low the forest had swung . ', 'There was no promise of morning except when we looked up through the trees and saw how low the forest had swung . ']
false;Thus even today sex is considered as the least important topic in many parts of India . ;Even today , sex is often regarded as one of the least important topics in many parts of India .;[];['Thus , even today , sex is considered as the least important topic in may parts of India . ', 'Thus , even today , sex is considered the least important topic in many parts of India . ', 'Thus , even today , sex is considered the least important topic in many parts of India . ', 'Thus , even today sex is considered as the least important topic in many parts of India . ']
false;image you salf you are wark in factory just to do one thing like pot taire on car if they fire you you will destroy , becouse u dont know more than pot taire in car . ;Imagine yourself working in a factory , where your only task is to put tires on cars . If you were to lose your job , it would be devastating because you wouldn't know how to do anything else beyond installing tires on cars .;[];"[""Imagine yourself you are working in factory just to do one thing like put air a on car if they fire you you will be destroyed , because you do n't know more than to put air a in car . "", ""Imagine that you work in a factory and do just one thing , like put tires on cars ; if they fire you , they will destroy you because you do n't know how to do anything but put tires on cars . "", 'image you salf you are wark in factory just to do one thing like pot taire on car if they fire you you will destroy , becouse u dont know more than pot taire in car . ', 'Imagine yourself working in a factory. You are to do just one thing , such as put a tire on a car. If you are fired , it will destroy you because you do not know how to do more than put tires on cars . ']"
false;They draw the consumers , like me , to purchase this great product with all these amazing ingredients and all that but actually they just sometimes make something up just to increase their sales . ;They attract consumers like me to buy their products by highlighting amazing ingredients and benefits , but sometimes they fabricate claims just to boost sales .;[];['They draw in the consumers , like me , to purchase a great product with amazing ingredients , but actually , they just make up these words to increase their sales . ', 'They draw in consumers like me , who purchase this great product with all these amazing ingredients , but sometimes they just make things up to increase their sales . ', 'They draw the consumers , like me , to purchase this great product with all these amazing features , but actually sometimes they just make something up just to increase their sales . ', 'They draw the consumers , like me , to purchase this great product with all these amazing ingredients and all that , but actually they just sometimes make something up just to increase their sales . ']
false;I want to talk about nocive or bad products like alcohol , hair spray and cigarrets . ;I want to discuss harmful products such as alcohol , hair spray , and cigarettes .;[];['I want to talk about nocive or bad products like alcohol , hair spray and cigarettes . ', 'I want to talk about harmful or bad products like alcohol , hair spray and cigarettes . ', 'I want to talk about harmful or bad products like alcohol , hair spray and cigarettes . ', 'I want to talk about harmful or bad products like alcohol , hair spray and cigarettes . ']
false;For example they can play football whenever they want but the olders can not . ;For instance , they can play football whenever they want , but the older ones cannot .;[];"['For example , they can play football whenever they want , but the elders cannot . ', 'For example , they can play football whenever they want but the others can not . ', ""For example , they can play football whenever they want but the seniors ca n't . "", 'For example they can play football whenever they want but the older ones cannot . ']"
false;It figures Diana Krall wearing a Rolex watch and has a text that suggests that if the reader wants to belong to the restricted club , not necessarily of Rolex watch wearers , but of highly talented , sophisticated and competent artists , he or she should also have a Rolex . ;The advertisement features Diana Krall wearing a Rolex watch , accompanied by a message suggesting that if the reader wants to join the exclusive club—not just of Rolex wearers , but of highly talented , sophisticated , and competent artists—they should consider owning a Rolex as well .;[];['It features Diana Krall wearing a Rolex watch and the text suggests that if the reader wants to belong to a restricted club -- not necessarily of Rolex watch-wearers -- but of highly talented , sophisticated , competent artists , then he or she should also have a Rolex . ', 'Diana Krall is wearing a Rolex watch and has a text that suggests that if the reader wants to belong to a restricted club , comprised not just of Rolex watch wearers but highly talented , sophisticated and competent artists , he or she should also have a Rolex . ', 'It figures Diana Krall is wearing a Rolex watch and has a text that suggests that if the reader wants to belong to the restricted club , not necessarily of Rolex watch wearers , but of highly talented , sophisticated and competent artists , he or she should also have a Rolex . ', 'It figures Diana Krall wearing a Rolex watch and has a text that suggests that if the reader wants to belong to the restricted club , not necessarily of Rolex watch wearers , but of highly talented , sophisticated and competent artists , he or she should also have a Rolex . ']
false;Also the work of the media , television , magazines , and every stuff made for publicity affects the emotions of many people around the world , encouraging them to buy and buy anything they can . ;Additionally , the influence of media , including television , magazines , and various forms of advertising , significantly impacts the emotions of people worldwide , often encouraging them to make unnecessary purchases .;[];['Also , the work of the media , television , magazines and other things made for publicity impacts the emotions of many people around the world , encouraging them to buy everything they can . ', 'Also , the work of the media , television , magazines , and everything involved in publicity affects the emotions of people around the world , encouraging them to buy anything they can . ', 'Also , the work of media , television , magazines , and other stuff made for publicity , affects the emotions of many people around the world , encouraging them to buy and buy anything they can . ', 'Also , the work of the media , television , magazines , and everything made for publicity affects the emotions of many people around the world , encouraging them to buy and buy anything they can . ']
false;Since most urban areas are occupied with cars , they are all facing up with an irresistible problem of air and noise pollution . ;Since most urban areas are congested with cars , they all face the inescapable problems of air and noise pollution .;[];['Since most urban areas are occupied with cars , they are facing a problem of air and noise pollution . ', 'Since most urban areas are congested with cars , they all face the terrible problem of air and noise pollution . ', 'Since most urban areas are occupied with cars , they are all face upped with an irresistible problem of air and noise pollution . ', 'Since most urban areas are teeming with cars , they are all facing the unavoidable problem of air and noise pollution . ']
false;It is true that consumers preffer to buy a product that has a lower price , but when international companies that has already the certification begins to send its market , people will preffer to consume theirs because the difference between prices is probbably not going to affect them to much . ;It is true that consumers prefer to buy products with lower prices . However , when international companies with established certifications enter the market , people are likely to choose their products . This is because the price difference is probably not significant enough to influence their decision .;[];['While it is true that consumers prefer to buy products with lower prices , when international companies that are already certified begin to send their products to market , people will prefer to consume those goods because the difference in price will probably not affect them too much . ', 'It is true that consumers prefer to buy a product that has a lower price , but when international companies that already have the certification begin to send it to market , people will prefer to buy theirs because the difference between prices is probably not going to affect them too much . ', 'It is true that consumers prefer to buy a product that has a lower price , but when international companies that already have the certification begin to send it to market , people will prefer to consume theirs because the difference between prices is probably not going to affect them too much . ', 'It is true that consumers prefer to buy a product that has a lower price , but when international companies that already have the certification begin to enter the market , people will prefer to consume theirs because the difference between prices is probably not going to affect them too much . ']
false;One person if do n't have good health that means so many things they could lost . ;If a person doesn't have good health , it means they could lose many things .;[];"[""If a person does n't have good health , so many things could be lost . "", 'If one person does not have good health , that means they could lose so many things . ', ""If one person does n't have good health , that means they could lose so many things . "", ""If one person does n't have good health , that means so many things they could lose . ""]"
false;Many studies over the last 5 0 years have shown that people who have fluoride in their drinking water are considerably have less cavities than people who have not drinking nonfluoridated water . ;Numerous studies conducted over the past 50 years have demonstrated that individuals who consume fluoridated drinking water have significantly fewer cavities compared to those who drink non-fluoridated water .;[];['Many studies over the last 5 0 years have shown that people who have fluoride in their drinking water have considerably fewer cavities than people who are not drinking water with fluoride . ', 'Many studies over the last 5 0 years have shown that people who have fluoride in their drinking water are considerably have less cavities than people who have not drinking nonfluoridated water . ', 'Many studies over the last 5 0 years have shown that people who have fluoride in their drinking water are considerably less likely to have cavities than people who have non-fluoridated water . ', 'Many studies over the last 5 0 years have shown that people who have fluoride in their drinking water have considerably less cavities than people who have been drinking non-fluoridated water . ']
false;Likewise , The theory generating from the concept of memory is also not the appropriate way due to limited memory . ;Similarly , the theory derived from the concept of memory is also inadequate due to its limitations .;[];['Likewise , the theory coming from the concept of memory is also not the appropriate way due to limited memory . ', 'Likewise , the theory generated from the concept of memory is also not appropriate due to limited memory . ', 'Likewise , the theory generating from the concept of memory is also not the appropriate way due to limited memory . ', 'Likewise , the theory generating from the concept of memory is also not the appropriate way due to limited memory . ']
false;I was very fast , my best time was 5 5 seconds in 4 0 0 hundred meters is a good time in or country . ;"I was quite fast ; my best time in the 400 meters was 55 seconds , which is considered a good time in our country .";[];"['I was very fast : my best time was 5 5 seconds in 4 0 0 hundred meters , and this is a good time in my country . ', 'I was very fast ; my best time was 5 5 seconds for 4 0 0 hundred meters , and that is a good time in or out of this country . ', 'I was very fast and my best time was 5 5 seconds in 4 0 0 hundred meters is a good time in or country . ', 'I was very fast ; my best time was 5 5 seconds in 4 0 0 hundred meters. That is a good time in or country . ']"
false;If in this society who will not to do study they never concept there opportunity or ca n't understand any ideas so most of the important that in this situation and I also very interestion and also prefer that for the study material . ;In this society , those who choose not to study often miss out on opportunities and struggle to understand new ideas . Given this , I believe it is crucial to prioritize education , and I am very interested in and supportive of study materials .;[];"['In this society , those who will not study will never grasp the concepts or understand any ideas , which is the most important point ; thus I am also very interested and prefer to have the study materials . ', 'In this society , those who do not study will never have opportunities or understand ideas that are important in these situations ; I am very interested and prefer study materials . ', 'If , in this society , there are those who will not study , then they neither comprehend their opportunity nor understand any ideas most important in this situation , which I find very interesting and prefer for study material . ', ""In this society those who will not study never understand the concept nor opportunity or ca n't understand any ideas so most of the importance in that situation is lost and I am also very interesting and also prefer that for the study material . ""]"
false;We have to know this problem it 's serious but almost people doens't know about this . ;We need to recognize that this problem is serious , yet most people are unaware of it .;[];"['This is a serious problem , but most people are unaware of it . ', ""We have to know this problem is serious but most people do n't know about this . "", ""We have to know about this problem because it 's serious but most people do n't know about this . "", ""We have to know if this problem is serious but most people do n't know about it . ""]"
false;Students can focus on only a few subjects they are intwerested in and they will become an experts in those areas . ;Students can concentrate on a select few subjects that interest them , allowing them to become experts in those areas .;[];['Students can focus on only a few subjects they are interested in and they will become experts in those areas . ', 'Students can focus on only a few subjects they are interested in and they will become experts in those areas . ', 'Students can focus on only a few subjects they are interested in and they will become an expert in those areas . ', 'Students can focus on only a few subjects they are interested in and they will become an expert in those areas . ']
false;But in other waythismakes other way country need to pay extra money to make , repair the roads What they did is reduce the amount of gas consumers , high the gas tax , and low the income tax because they thought , only rise the gas tax is unfair . ;However , this approach requires the country to spend additional funds on building and repairing roads . To address this , they decided to reduce gas consumption by increasing the gas tax while lowering the income tax . They believed that raising only the gas tax would be unfair .;[];"['But in another way , this means the country needs to pay extra money to build and repair the roads ; what they did is reduce the amount of gas consumed , raise the gas tax , and lower the income tax because they thought only raising the gas tax is unfair . ', 'But in other ways this makes the other country need to pay extra money to make , repair the roads What they did is reduce the amount of gas consumers , raise the gas tax , and low the income tax because they thought , only raising the gas tax is unfair . ', 'But in other ways , this creates another way for the country to make extra money to repair the roads ; they did this by reducing the amount of gas consumed by raising the gas tax , and they lowered the income tax because they thought that only raising the gas tax was unfair . ', 'But in other ways , this caused the country to need to pay extra money to make and repair the roads. What they did was reduce the amount of gas consumers , increase the gas tax , and lower the income tax because they thought that only increasing the gas tax would have been unfair . ']"
false;Today , MBA students with a background in engineering are in high demand . ;Today , MBA students who have an engineering background are in high demand .;[];['Today , MBA students with a background in engineering are in high demand . ', 'Today , MBA students with a background in engineering are in high demand . ', 'Today , MBA students with a background in engineering are in high demand . ', 'Today , MBA students with a background in engineering are in high demand . ']
false;In the case of young people the best way is studying as hard as possible to get better grades so in the future they will have better chance to find better jobs . ;For young people , the best approach is to study diligently to achieve higher grades , which will enhance their chances of securing better jobs in the future .;[];['In the case of young people , the best way is to study as hard as possible to get better grades so in the future they will have a better chance to find a good job . ', 'In the case of young people , the best way to get better grades and thus have a chance to find better jobs in the future is to study as hard as possible . ', 'In the case of young people , the best way is to study as hard as possible and get better grades so that in the future they will have a better chance of finding good jobs . ', 'In the case of young people , the best way is studying as hard as possible to get better grades so in the future they will have better chances to find better jobs . ']
false;So the school try learning the students a bit in every science exist . ;The school aims to teach students a little about every branch of science .;[];['So the school tries teaching the students a bit of every science which exists . ', 'So the school tried teaching the students a bit about every science that exists . ', 'The school tries to teach the students a bit of every type of science . ', 'So the school tries teaching the students a bit of every science . ']
false;Specializing in one particular subject does not suit our life in this era which is characterized by diversity and innovation ;Specializing in a single subject doesn't align with the diverse and innovative nature of our current era .;[];['Specializing in one particular subject does not suit our lives in this era which is characterized by diversity and innovation . ', 'Specializing in one particular subject does not suit life in this era -- which is characterized by diversity and innovation . ', 'Specializing in one particular subject does not suit our life in this era , which is characterized by diversity and innovation . ', 'Specializing in one particular subject does not suit our lives in this era characterized by diversity and innovation ']
false;I will explain my points of views in the following paragraphs . ;I will elaborate on my viewpoints in the following paragraphs .;[];['I will explain my point of view in the following paragraphs . ', 'I will explain my points of view in the following paragraphs . ', 'I will explain my point of views in the following paragraphs . ', 'I will explain my point of view in the following paragraphs . ']
false;These activities make the community a better place to live in and inculcate these values in all the members . ;These activities enhance the community's quality of life and instill these values in all its members .;[];['These activities make the community a better place to live and include those values in all the members . ', 'These activities make the community a better place to live in and inculcate these values in all the members . ', 'These activities make the community a better place to live in and inculcate these values in all its members . ', 'These activities make the community a better place to live in and will teach these values to all the members . ']
false;Beacuse all those broad knowledge help they to understand their major in university as well as help they to make a correct choice in specializing study . ;Because all that broad knowledge helps them understand their major in university and make the right choice in their specialized studies .;[];['All the broad knowledge helps them to understand their major in University classes , as well as help them to make a correct choice in a specialized area . ', 'Because all that broad knowledge helps them to understand their majors in university and also helps them to make the correct choice in specialized study . ', 'Because of all those broad knowledge help they to understand their major in university as well as help they to make a correct choice in specializing study . ', 'All of that broad knowledge helps them understand their university major and make a correct choice of specialty . ']
false;And it was very easy to me to understand why he always brang bad marks at home . ;It was very easy for me to understand why he always brought home bad grades .;[];['I could very easily understand why he would always bring bad marks home . ', 'And it was very easy for me to understand why he always brought bad marks home . ', 'And it was very easy for me to understand why he always brings bad marks home . ', 'And it was very easy for me to understand why he always bringing bad marks home . ']
false;Then when we went to the Science Olympiad , she could have diverse knowledges about the subects and it was not new for her to think about new things . ;When we attended the Science Olympiad , she demonstrated a broad and diverse knowledge of the subjects , and thinking about new concepts was second nature to her .;[];['Then , when we went to the Science Olympiad , she had diverse knowledge about the subjects , and it was not new for her to think about new things . ', 'Then when we went to the Science Olympiad , she had diverse knowledge about the subjects as it was not unusual for her to think about new things . ', 'Then , when we went to the Science Olympiad , she could have diverse knowledge about the subjects and it was not new for her to think about new things . ', 'Then , when we went to the Science Olympiad , she would have diverse knowledge about the subjects and it would not be new for her to think about new things . ']
false;If every people thinks to learn and understand lots of scientifc subjects , any person will do not do it and as a result of this any science is n't imporeved . ;If everyone thinks about learning and understanding a wide range of scientific subjects , no one will actually do it , and as a result , scientific progress will not be made .;[];"['If every person tries to learn and understand lots of scientific subjects , no person will do it and , as a result of this , no science will be improved . ', ""If every person seeks to learn and understand many scientific subjects , and anyone can or ca n't do it , then the result will be that science wo n't improve . "", 'If every person tries to learn and understand lots of scientific subjects , the result will be improvements in every science . ', ""If every person wants to learn and understand lots of scientific subjects , not every person will be able to do it and as a result of this science is n't improved . ""]"
false;Thus in concordance with the above I agree whole heartedly that in twenty years there will be fewer cars in use than there are today . ;Therefore , in line with the points mentioned above , I wholeheartedly agree that there will be fewer cars in use twenty years from now compared to today .;[];['Thus I agree wholeheartedly with the above : in twenty years there will be fewer cars in use than there are today . ', 'Thus , in concordance with the above , I agree wholeheartedly that in twenty years there will be fewer cars in use than there are today . ', 'Thus in concordance with the above , I agree wholeheartedly that in twenty years there will be fewer cars in use than there are today . ', 'Thus in accordance with the above I agree wholeheartedly that in twenty years there will be fewer cars in use than there are today . ']
false;Third the butt it in hte front of the door of store to make the poeple see it even if it is not good ;Third , place the butt in front of the store's door to ensure people notice it , even if it isn't particularly appealing .;[];['Third , put it in the front of the door of the store so people see it , even if it is not good . ', 'Third , they put it in front of the door of the store so that people will see it even if it is no good . ', 'Third , they put it in front of the door of the store to make the people see it , even if it is not good . ', 'Third , the butt in the front of the door of the store to make the people see it even if it is not good . ']
false;Very soon they will run out at the current rate of utilisation . ;At the current rate of utilization , they will run out very soon .;[];['They will run out very soon at the current rate of utilization . ', 'Soon they will run out , based on the current rate of utilization . ', 'Very soon they will run out at the current rate of utilization . ', 'Very soon they will run out at the current rate of utilization . ']
false;In the lecture , however , professor oppose the reading statement . ;In the lecture , however , the professor opposes the statement made in the reading .;[];['In the lecture , however , the professor opposed reading the statement . ', 'In the lecture , however , the professor opposed the statement in the reading . ', 'In the lecture , however , the professor opposed the reading statement . ', 'In the lecture , however , the professor opposed the reading statement . ']
false;Inorder to do this , they would need to learn additionally skills , either theoretical or practical , that would increase their understanding and future application of their chosen subject . ;To achieve this , they would need to acquire additional skills , both theoretical and practical , which would enhance their understanding and future application of their chosen subject .;[];['In order to do this , they would need to learn additional skills , either theoretical or practical , that would increase their understanding and application of their chosen subject . ', 'In order to do this , they would need to learn additional skills , either theoretical or practical , that would increase their understanding and future application of their chosen subject . ', 'In order to do this , they need to learn additional skills , either theoretical or practical , that will increase their understanding and the future application of their chosen subjects . ', 'In order to do this , they would need to learn additionally skills , either theoretical or practical , that would increase their understanding and future application of their chosen subject . ']
false;if you want a product you give create a beautiful image around it if you want sell it . ;If you want to sell a product , create a beautiful image around it .;[];['if you want to develop a product you create a beautiful image around it if you want sell it . ', 'If you want to sell a product , you must create a beautiful image around it . ', 'If you want to sell a product , you create a beautiful image around it . ', 'If you want a product , you give a create a beautiful image around it if you want sell it . ']
false;Secondly the place of the film must must be very clear and chir must be relax etc . ;Secondly , the setting of the film must be very clear , and the atmosphere should be relaxed .;[];['Secondly , the location of the film must must be very clear and the director must be relaxed , etc . ', 'Second , the place that is being filmed must be very clear and the chin must be relaxed , etc . ', 'Secondly , the place of the film must be very clear and chaimust be relax etc . ', 'Secondly , the place of the film must must be very clear and have chairs to relax , etc . ']
false;this will the proof of speeding offense so that polices can easily catch them. . ;This will serve as proof of a speeding offense , enabling the police to easily apprehend the offenders .;[];['This will prove the speeding offense so that the police can easily catch them . ', 'This will be the proof of speeding offense so that the police can easily catch them . ', 'This will be the proof of the speeding offense so that the police can easily catch them . ', 'This will be the proof of the speeding offense so that the police can easily catch them . ']
false;I never have stopped myself to think this , but this is a real possibility for the fucture . ;I've never stopped to consider this before , but it is a real possibility for the future .;[];['I have never stopped myself to think this , but this is a real possibility for the future . ', 'I have never stopped to think about this , but this is a real possibility for the future . ', 'I never have stopped myself to think this , but this is a real possibility for the future . ', 'I never have stopped to think about this , but this is a real possibility for the future . ']
false;Young has his own field and word on it hard , and do more benefits to the society . ;Young has his own field and works hard in it , contributing significantly to society .;[];['Young has his own field and works hard on it , and it provides more benefits to society . ', 'Young has his own field and works hard to do more benefit to the society . ', 'Young has his own field , has worked on it hard , and does more to benefit to the society . ', 'Young has his own field and works hard on it and benefits society . ']
false;If we conseder an idea as a totally autonomous concept within the individual process of defining reality , I will state that ideas are useless , not being based on experience . ;If we consider an idea as a completely autonomous concept within the individual's process of defining reality , I would argue that ideas are useless if they are not grounded in experience .;[];"['If we consider an idea as a totally autonomous concept within the individual process of defining reality , I think the ideas are useless , and not based on experience . ', 'If we consider an idea as a totally autonomous concept within the individual process of defining reality , I believe that ideas are useless , because they are not based on experience . ', ""If we think of an idea as a totally autonomous concept within the individual 's process of defining reality , I will state that ideas are useless , given that they are not based on experience . "", 'If we consider an idea as a totally autonomous concept within the individual process of defining reality , I would state that ideas are useless , if not based on experience . ']"
false;He/she wants to know everything about the universe , wants to know everything about the God , the death etc. these some concepts that everyone can encourage a lot of ideas but the facts are not found yet . ;They have an insatiable curiosity about the universe , God , death , and other profound concepts . While these topics can inspire a multitude of ideas , definitive answers remain elusive .;[];"['He or she wants to know everything about the universe , God , and death , these are some concepts that everyone can encourage ideas , but no facts have been found yet . ', 'He/she wants to know everything about the universe , God , death , etc. ; these are concepts that encourage a lot of ideas , but the facts have not been found yet . ', 'He/she wants to know everything about the universe , everything about God , death etc. ; these same concepts that encourage a lot of ideas but the facts are not found yet . ', 'He/she wants to know everything about the universe , wants to know everything about God , death , etc. and some of these concepts that can encourage a lot of ideas , but the facts are not found yet . ']"
false;It so expensive that only those people can do this besides of their allday living . ;It is so expensive that only those who can afford it on top of their everyday living expenses are able to do it .;[];"['It so expensive that only those people can do this , factoring in their daily living expenses . ', 'It is so expensive that it is the only thing those people can do besides their daily living . ', ""It 's so expensive that only those people can do this besides their everyday living . "", 'It is so expensive that only those people can do this outside of their normal lives . ']"
false;They make very high profits year after yaer and the numbers also increase year after year . ;They consistently achieve high profits , with numbers increasing year after year .;[];['They make very high profits year after year and the numbers also increase year after year . ', 'They make very high profits year after year and their numbers also increase year after year . ', 'They make very high profits year after year and the numbers also increase year after year . ', 'They make very high profits year after year and the numbers also increase year after year . ']
false;For this reason , the number of cars would be decrease in the future . ;For this reason , the number of cars is expected to decrease in the future .;[];['For this reason , the number of cars would decrease in the future . ', 'For this reason , the number of cars will decrease in the future . ', 'For this reason , the number of cars would decrease in the future . ', 'For this reason , the number of cars would be decreased in the future . ']
false;So he took upon himself to narrow his research on this subject which was a mystery to the world . ;So , he decided to focus his research on this subject , which remained a mystery to the world .;[];['So he took it upon himself to narrow his research on this subject , which was a mystery to the world . ', 'So he took it upon himself to narrow his research to a subject which was a mystery to the world . ', 'So he took it upon himself to narrow his research on this subject , which was a mystery to the world . ', 'So , he took it upon himself to narrow his research on the subject , which was a mystery to the world . ']
false;Others who do n't have this concept they will sell uncerfied wood . ;Others who lack this understanding may sell uncertified wood .;[];"[""Others who do n't understand this concept sell uncertified wood . "", ""Others who do n't understand this concept will sell uncertified wood . "", ""Others who do n't understand this concept will sell uncertified wood . "", ""Others do n't have this concept and they will sell uncertified wood . ""]"
false;If there are specialized docters , the docter has done the operation very often before , so he is really talented in his job . ;When there are specialized doctors , they have performed the operation numerous times before , making them highly skilled in their field .;[];['If there are specialized doctors that have done the operation often , he becomes talented in his job . ', 'If there are specialized doctors , it means that the doctor has done the operation many times before and is very talented at his job . ', 'If they are specialized doctors , the doctor has done the operation very often before , so he is really talented in his job . ', 'If there are specialized doctors that have done the operation many times before , they are really talented in their jobs . ']
false;Also , I have traveled in a group without tour guide . ;Additionally , I have traveled in a group without a tour guide .;[];['Also , I have traveled in a group without tour guide . ', 'Also , I have traveled in a group without a tour guide . ', 'Also , I have traveled in a group without a tour guide . ', 'Also , I have traveled in a group without a tour guide . ']
false;the school teachers there the one who take the future of youg genaration so we have to give them to get the better knowledge . ;The school teachers are the ones who shape the future of the younger generation , so we must ensure they receive the best knowledge and resources .;[];"['The school teachers there are the ones who create the future of the younger generation so we have to teach them better . ', ""The school teachers they 're the ones who take the future young generations so we have to support them to make younger ones more knowledgeable . "", 'the school teachers there the one who take the future of youg genaration so we have to give them to get the better knowledge . ', 'The school teachers are the ones who take care of the future of the young generation so we have to let them gain better knowledge . ']"
false;but most time it is important because most student is not baly and his think and ideas is very important . ;However , most of the time it is important because most students are not lazy , and their thoughts and ideas are very valuable .;[];['But most of the time it is important because most students are not heard and their thoughts and ideas are very important . ', 'But most of the time it is important because most student do not do badly and their thoughts and ideas are very important . ', 'Usually , it is important , because the student is not bad and his thinking and ideas are very important . ', 'but most time it is important because most student is not baly and his think and ideas is very important . ']
false;Otherwise , it will be a problem for us to understand certain thing in life . ;Otherwise , it will be difficult for us to understand certain aspects of life .;[];['Otherwise , it will be a problem for us to understand certain things in life . ', 'Otherwise , it will be a problem for us to understand certain things in life . ', 'Otherwise , it will be hard for us to understand certain things in life . ', 'Otherwise , it will be a problem for us to understand certain things in life . ']
false;I myself like to participate in kind of activities and meet many people who would like to do . ;I enjoy participating in these kinds of activities and meeting others who share the same interests .;[];['I myself like to participate in these kinds of activities and meet many people who like to do the same thing . ', 'I personally like to participate in all kinds of activities and meet many people like to as well . ', 'I myself like to participate in this kind of activities and meet many people who would like to do them . ', 'I myself like to participate in these kinds of activities and meet many people who would also like to do this . ']
false;He mainly concetrate on the questions asked him at the time of interview . ;He primarily focused on the questions asked during the interview .;[];['He mainly concentrated on the questions that were asked of him at the time of the interview . ', 'He mainly concentrated on the questions that he was asked at the time of the interview . ', 'He mainly concentrates on the questions asked him at the time of the interview . ', 'He mainly concentrated on the questions asked of him at the time of the interview . ']
false;becaese when we learn about some subjects we should have more information about what we study so that the student will get the information more easier and more better and this is my first reason . ;Because when we learn about certain subjects , having more information helps students understand the material more easily and effectively . This is my first reason .;[];['My first reason is that when we learn about some subjects we should have more information about what we study so that we will learn easier and more effectively . ', 'First , when we learn about some subjects we should have more information about what we study , and students will get information more easily and proficiently . ', 'My first reason is that when we learn about certain subjects we should have more information about what we are studying so that students will get the information more easily and in a better way . ', 'Because when we learn about some subjects we should have more information about what we study so that the students will get the information easier and better and this is my first reason . ']
false;In a market economy the price must reflect costs of the product and consumer 's willingness to buy the product . ;In a market economy , the price of a product must accurately reflect both the costs of production and the consumer's willingness to purchase it .;[];"[""In a market economy , the price must reflect the cost of the product and the consumer 's willingness to buy the product . "", ""In a market economy the price must reflect the cost of the product and the consumer 's willingness to buy it . "", ""In a market economy , the price must reflect costs of the product and consumer 's willingness to buy the product . "", ""In a market economy , the price must reflect costs of the product and consumers ' willingness to buy the product . ""]"
false;some tour guide who will want to set maximum security make tour difficult because you will only have a wonderful view throught the bus . ;A tour guide focused on maximum security might make the tour less enjoyable , as you'll be limited to viewing the sights from inside the bus .;[];['Some tour guide will want to set maximum security to make the tour difficult because you will only have a wonderful view through the bus . ', 'Some tour guides will want to ensure maximum security , which will make the tour difficult because you will only have a wonderful view through a bus window . ', 'Some tour guides , who will want to set maximum security , make the tour difficult because you will only have a wonderful view of the bus . ', 'some tour guide who will want to set maximum security make tour difficult because you will only have a wonderful view throught the bus . ']
false;It is obvious that after returning i was tired and the night is meant to sleep ! . ;It’s clear that I was exhausted after returning , and nighttime is meant for sleep .;[];['It was obvious after returning that I was tired , and the night is meant to sleep ! ', 'It is obvious that after returning I was tired and the night is meant for sleeping ! . ', 'It was obvious that I was tired after returning , and the night is meant for sleep ! ', 'It is obvious that after returning , I was tired and the night is meant for sleep ! ']
false;Nowadays , we need a person who are capable of all sorts of works . ;Nowadays , we need individuals who are capable of handling a variety of tasks .;[];['Nowadays , we need a person who is capable of all sorts of work . ', 'Nowadays , we need a person who is capable of all sorts of works . ', 'Nowadays , we need a person who is capable of all sorts of works . ', 'Nowadays , we need a person who is capable of all sorts of works . ']
false;Finally , fish farming relates to long term wastefulness whcih can pollute the sea . ;Finally , fish farming contributes to long-term wastefulness , which can lead to sea pollution .;[];['Finally , fish farming relates to long-term wastefulness , which can pollute the sea . ', 'Finally , fish farming is related to long term wastefulness which can pollute the sea . ', 'Finally , fish farming relates to long term wastefulness , which can pollute the sea . ', 'Finally , fish farming relates to long-term wastefulness which can pollute the sea . ']
false;Establishing connections with other researchers will open the door for new projects with other researchers . ;Establishing connections with fellow researchers paves the way for collaborative projects and new opportunities .;[];['Establishing connections with other researchers will open the door for new projects . ', 'Establishing connections with other researchers will open the door for new collaborative projects . ', 'Establishing connections with other researchers will open the door to new projects with other researchers . ', 'Establishing connections with other researchers will open the door for new projects with other researchers . ']
false;He knows that there is no return in his help to others . ;He understands that helping others brings no personal gain .;[];['He does not expect others to reciprocate his help . ', 'He knows that his help to others will go unreturned . ', 'He knows that his help of others will not be returned . ', 'He knows that there is no return in his help to others . ']
false;Furthermore , my friends who are nineteen years old , drive their own car , and they would like to buy always another one . ;Furthermore , my nineteen-year-old friends already drive their own cars and are always looking to buy another one .;[];['Furthermore , my friends who are nineteen years old and drive their own car. they would still like to buy another one . ', 'Furthermore , my nineteen-year-old friends drive their own cars , and they would always like to buy another one . ', 'Furthermore , my friends who are nineteen years old drive their own cars , and they always want to buy another one . ', 'Furthermore , my friends who are nineteen years old , drive their own car , but they always would like to buy another one . ']
false;As the cities were smallers , it was less violence , noise , traffic ... ;Since the cities were smaller , there was less violence , noise , and traffic .;[];['As the cities were smaller , there was less violence , noise , traffic , etc . ', 'As the cities were smaller , there was less violence , noise , traffic ... ', 'As the cities were smaller , there was less violence , noise , traffic ... ', 'As the cities were smaller , there was less violence , noise , traffic ... ']
false;Even though he knows the advertisement is unreal or looks to pretty he is going to buy the product . ;Even though he knows the advertisement is unrealistic or looks too perfect , he is still going to buy the product .;[];['Even though he knows the advertisement is not real , or looks too pretty , he is going to buy the product . ', 'Even though he knows the advertisement is unrealistic and looks too pretty , he is going to buy the product . ', 'Even though he knows the advertisement is unrealistic and looks too pretty , he is going to buy the product . ', 'Even though he knows the advertisement is unreal and looks too pretty he is going to buy the product anyway . ']
false;These are several opposing points I observed between lecture and passage . ;Here are several contrasting points I noticed between the lecture and the passage .;[];['These are several opposing points I observed between the lecture and the passage . ', 'These are several opposing viewpoints I observed between the lecture and the passage . ', 'There are several opposing points I observed between the lecture and passage . ', 'These are several opposing points that I observed between lecture and passage . ']
false;Even though she does not have job , she also need car to use pick up her kids or go shopping . ;Even though she doesn't have a job , she still needs a car to pick up her kids and go shopping .;[];['Even though she does not have a job , she also needs a car to pick up her kids or go shopping . ', 'Even though she does not have job , she also needs a car to use to pick up her kids or go shopping . ', 'Even though she does not have a job , she also needs a car to pick up her kids or go shopping . ', 'Even though she does not have a job , she also needs a car to use to pick up her kids or go shopping . ']
false;"It kept Anasazi from living in American Southwest by very high temparture ; it caused droughts . ";The extremely high temperatures in the American Southwest prevented the Anasazi from living there , as they led to severe droughts .;[];"['It kept Anasazi from living in the American southwest with very high temperatures and caused droughts . ', 'Asasazi were kept from living in the American Southwest by very high temperatures , which often caused droughts . ', 'High temperatures kept Anasazi from living in the American Southwest ; there were droughts . ', 'It kept Anasazi from living in American Southwest because of very high temperatures which caused droughts . ']"
false;Because one time you get success and next time will why not ? ;Because if you achieve success once , there's no reason you can't do it again .;[];"['Once you get success why would you not get it next time ? ', 'Because if one time you are successful , then the next time -- well , why not ? ', ""Because one time you get success and next time you wo n't . "", 'Because one time you get success and the next time will why not ? ']"
false;While at university , he might specialize in a subject , while still taking a number of diverse other courses . ;While at university , he may specialize in a particular subject while still taking a variety of other diverse courses .;[];['While at university , he might specialize in one subject while still taking a number of other diverse courses . ', 'While at University , he might specialize in a subject , while still taking a number of diverse other courses . ', 'While at university , he might specialize in a subject , while still taking a number of diverse courses . ', 'While at university , he might specialize in a subject while still taking a number of other courses . ']
false;Both of these men have dealed with situations in an unconventional manner and the results are with everyone to see . ;Both of these men have handled situations in unconventional ways , and the results are evident for everyone to see .;[];['Both of these men have dealt with situations in an unconventional manner and the results are plain to see . ', 'Both of these men have dealt with situations in an unconventional manner and the results are for everyone to see . ', 'Both of these men have dealt with situations in an unconventional manner , and the results are visible for everyone to see . ', 'Both of these men have dealt with situations in an unconventional manner and the results are for everyone to see . ']
false;Moreover , take risks teaches you to accept both winning and losing , that is the most important lesson one should learn in order to achieve any kind of objective . ;Moreover , taking risks teaches you to accept both winning and losing , which is the most important lesson one should learn in order to achieve any objective .;[];['Moreover , taking risks teaches you to accept both winning and losing , and that is the most important lesson one should learn in order to achieve any kind of objective . ', 'Moreover , taking risks teaches you to accept both winning and losing , and that is the most important lesson one can learn to achieve any kind of objective . ', 'Besides , taking risks teaches you to accept both winning and losing , which is the most important lesson one should learn in order to achieve any kind of objective . ', 'Moreover , taking risks teaches you to accept both winning and losing , and that is the most important lesson one should learn in order to achieve any kind of objective . ']
false;I would like to initiate , myself , whatever I do on my trip to get much out of my trip . ;I would like to take the initiative in planning my activities to make the most out of my trip .;[];['I would like to initiate whatever I do in order to get more out of my trip . ', 'I would like to be the one to initiate whatever I do on my trip to get the most out of my trip . ', 'I would like to decide , myself , whatever I do on my trip to get the most out of it . ', 'I would like to initiate myself and whatever I choose do on the trip to get the most out of it . ']
false;It 's normal : propose something to the client and construct something different , is the best way ( and it 's legal ! ! ! ! ! ! ! ! ! ) ;It's normal to propose one idea to the client and then build something different . In fact , this approach is often the best way to proceed , and it's completely legal !;[];"[""It 's normal , propose something to the client and make something different , it 's the best way and it 's legal ! "", ""It 's normal : proposing something to the client and constructing something differently is the best way ( and it 's legal ! ) . "", ""It 's normal : propose something to the client and construct something different , it is the best way and it is legal . "", ""It 's normal : propose something to the client and construct something different , it is the best way ( and it 's legal ! ! ! ! ! ! ! ! ! ) . ""]"
false;this is how we are transforming our society at the present days The actual fact of being against this statement is that we are looking what we want at the moment in order to have a great time . ;"Here is a more fluent version of your text : ""This is how we are transforming our society today . The reality of opposing this statement lies in our tendency to seek immediate gratification for a good time . """;"['This is how we are transforming our society today . The reality of opposing this statement lies in our tendency to seek immediate gratification for a good time . ', '""This is how we are transforming our society today .', 'This is how we are transforming our society today . The reality of opposing this statement lies in our tendency to seek immediate gratification for a good time .', 'This is how we are transforming our society today .']";"['This is how we are transforming our society in the present day. The consequence of disagreeing with this statement is that we are looking at what we want in the moment in order to have a great time . ', 'This is how we are transforming our society in present days. The actual fact of being against this statement is that we are looking at what we want at the moment , in order to have a great time . ', 'This is how we are transforming our society at the present ; the actual fact of being against this statement is that we are looking for what we want at the moment in order to have a great time . ', 'This is how we are transforming our society in the present day ; the fact going against this statement is that we are looking for what we want at the moment in order to have a great time . ']"
false;Not only this , without a clear understanding of what is being taught , the student would not be able to perform well in the tests . ;Additionally , without a clear understanding of the material , the student would struggle to perform well on tests .;[];['Not only this,but without a clear understanding of what is being taught , the student would not be able to perform well on the tests . ', 'Not only this , but without a clear understanding of what is being taught , the student would not be able to perform well on the tests . ', 'Not only this , but without a clear understanding of what is being taught , the student will not be able to perform well on the tests . ', 'Not only that , but without a clear understanding of what is being taught , the student would not be able to perform well in the tests . ']
false;for example : a man whose hobbies is playing football , he must want to play the ball day until night and night until day again . ;For example , a man whose hobby is playing football would likely want to play from dawn till dusk and then again from dusk till dawn .;[];"['For example : a man whose hobby is playing football , must want to play football day until night and night until day again . ', ""For example , if a man 's hobby is playing football , he must want to play from day to night and from night to day . "", 'For example , a man whose hobbies is playing football must want to play day until night and night until day again . ', 'For example , a man whose hobby is playing football must want to play the ball day until night , and night until day again . ']"
false;Although the few lucky ones struck gold , most of the people simply vanished as they left their homes , only to be forgotten , and some of them even developed obsessions for the western mirage . ;Although a fortunate few struck gold , the majority of people simply vanished after leaving their homes , only to be forgotten . Some even became obsessed with the Western mirage .;[];['Although the few lucky ones struck gold , most of the people simply vanished as they left their homes , only to be forgotten , and some of them even developed obsessions for the western mirage . ', 'Although a few lucky ones struck gold , most people simply vanished when they left their homes , only to be forgotten , while others developed an obsession for the western mirage . ', 'Although the few lucky ones struck gold , most of the people simply vanished as they left their homes , only to be forgotten , and some of them even developed obsessions for the western mirage . ', 'Although the few lucky ones struck gold , most of the people simply vanished as they left their homes , only to be forgotten , and some of them even developed obsessions for the western mirage . ']
false;And like the citizens of the developed countries , these people want to possess cars themselves . ;Just like the citizens of developed countries , these people also aspire to own cars .;[];['Like the citizens of developed countries , these people want to possess cars themselves . ', 'And like the citizens of developed countries , these people want to own cars themselves . ', 'And like the citizens of developed countries , these people want to own cars themselves . ', 'And like the citizens of developed countries , these people want to possess cars themselves . ']
false;we grip on many subject we get ample exopsure greatly and easily . ;We gain a solid understanding of many subjects and receive ample exposure in a straightforward manner .;[];['We read on many subjects so we get ample exposure . ', 'We grasp many subjects and get ample exposure greatly and easily . ', 'We grip on many subjects so we get ample exposure greatly and easily . ', 'We have a grip on many subjects , we get ample exposure greatly and easily . ']
false;But on the other hand ther is also people that is often convinced by the interesting advertisements they see everywhere , becuase of this many times they have to face problems with the product that they bought and many times ther is no way to give back that product . ;On the other hand , there are also people who are often swayed by the intriguing advertisements they see everywhere . As a result , they frequently encounter issues with the products they purchase and , in many cases , find themselves unable to return them .;[];['But on the other hand there are also people that are often convinced by the interesting advertisements they see everywhere , because of this many times they have to face problems with the product that they bought and many times there is no way to give back that product . ', 'But on the other hand , there are also people that are often convinced by the interesting advertisements they see everywhere , and because of this they often face problems with the products they buy and many times there is no way to return that product . ', 'But on the other hand , there are also people oft convinced by the interesting advertisements they see everywhere , because of this , they frequently have to face problems with the product they bought , and many times there is no way to give back that product . ', 'But on the other hand , there are also people that are often convinced by the interesting advertisements that they see everywhere , because of this , many times they have to face problems with the product that they bought and many times there is no way to give back that product . ']
false;They take responsible the future of their society and the results , it can the most helpful thing for society . ;They take responsibility for the future of their society and its outcomes , which can be incredibly beneficial for everyone .;[];"['If they take responsibility for the future of society and the results , it may be the most helpful thing for society . ', 'They take responsibility for the future of their society and the results ; it can be the most helpful thing for society . ', 'They take responsibility for the future of their society and the results , which can be the most helpful thing for society . ', 'They take responsibility of the future of their society and the results , it can the most helpful thing for society . ']"
false;and you can change your views and ideas but you can not change ypu fact . ;You can change your views and ideas , but you cannot change the facts .;[];['You can change your views and ideas but you can not change facts . ', 'And you can change your views and ideas but you cannot change the facts . ', 'You can change your views and ideas but you cannot change your facts . ', 'and you can change your views and ideas but you can not change facts . ']
false;An old person has to give way to a younger one no matter whether he likes it or not . ;An older person must yield to a younger one , regardless of their personal preference .;[];['An older person has to make way for a younger person , even if he does not like it . ', 'An older person has to give way to a younger one no matter whether he likes it or not . ', 'An old person has to make way for a younger one , whether he likes it or not . ', 'An older person has to give way to a younger one whether he likes it or not . ']
false;Ever increasing competancy rates force them into frequent business model changes for a compatible trasisional flexibility . ;Rising competency rates compel them to frequently adapt their business models to maintain transitional flexibility .;[];['Ever increasing competency rates force them into frequent business model changes for a compatible transitional flexibility . ', 'Ever increasing competency rates force them into frequent business model changes for compatible transitional flexibility . ', 'Ever-increasing competency rates force them into frequent business model changes for a compatible , transitional flexibility . ', 'Ever-increasing competency rates force them into frequent business model changes for a compatible transitional flexibility . ']
false;However , this reading passage casts douts on the speaker 's mention . ;However , this reading passage casts doubt on the speaker's claims .;[];"[""However , this reading passage casts doubts on the speaker 's mention . "", ""However , this book passage casts doubt on the speaker 's words . "", ""However , this reading passage casts doubts on the speaker 's mention . "", ""However , this reading passage casts doubts on the speaker 's mention . ""]"
false;That is what it gives us a lot of opportunity to think . ;That gives us plenty of opportunities to think .;[];"['That gives us a lot of opportunity to think . ', 'That is what it gives us ; a lot of opportunity to think . ', 'That is what it gives us : a lot of opportunity to think . ', 'That is why it gives us a lot of opportunity to think . ']"
false;The placebo effect is not illusion but the real , so the drug was effected the placebo effect . ;The placebo effect is not an illusion but a real phenomenon , and it influenced the drug's effectiveness .;[];"['The placebo effect is not an illusion but real , so the drug was effected by the placebo effect . ', 'The placebo effect is not an illusion but real , so the drug was affected by the placebo effect . ', 'The placebo effect is not an illusion but real , so the drug was effected by the placebo effect . ', ""The placebo effect is not an illusion , it 's real , so the drug was affected by the placebo effect . ""]"
false;When I go to travel to see something I want , we do not know about when it is open or close even though I study before , it might be suddenly close . ;When I travel to see something I want , I sometimes find that it's unexpectedly closed , even though I've researched its hours beforehand .;[];"['When I travel to see something , I do not know when it will be open or closed , and even though I check beforehand , it might suddenly close . ', ""When I go to travel to see something I want to see , we do not know when it is opened or closed even though I 'll study beforehand , and so it might suddenly be closed . "", 'When I travel to see something I want , we do not know when it is open or closed , even though I study before , it might be suddenly closed . ', 'When I go traveling to see something I want , I do not know about when it is open or closed even though I study before , it might be suddenly closed . ']"
false;Its cost is half than other but lifecycle is the same . ;Its cost is half that of others , but the lifecycle is the same .;[];"['Its cost is half than the other but its life cycle is the same . ', 'It costs half of the other but its lifecycle is the same . ', ""Its ' cost is half than the other but the lifecycle is the same . "", 'Its cost is half of the other , but the lifecycle is the same . ']"
true;What we do now , we will able to do later . ;What we do now , we will be able to do later .;[];['What we do now , we can do later . ', 'What we do now , we will be able to do later . ', 'What we do now , we will be able to do later . ', 'What we do now , we will be able to do later . ']
false;According to me , there are two kind of studies : the ones highly technical and the others . ;In my opinion , there are two types of studies : highly technical ones and all the rest .;['highly technical ones and all the rest .', 'highly technical ones and all the rest . .'];"['According to me , there are two kind of studies : the highly technical ones and the others . ', 'According to me , there are two kind of studies : the highly technical ones and the others . ', ""As far as I 'm concerned , there are two kind of studies : the highly technical ones and the others . "", 'According to me , there are two kinds of studies : the highly technical ones and the others . ']"
false;Thus , we begin to share a information and ask own 's weaker subject . ;Thus , we start sharing information and asking for help in our weaker subjects .;[];['Thus , we begin to share information and ask our own questions about a weaker subject . ', 'Thus , we begin to share information and ask about our own weaker subject . ', 'Thus , we begin to share information and ask about our own weaker subject . ', 'Thus , we begin to share information and question our own weaker subject . ']
false;For example , in 2 0 0 6 world cup form Germany , as many conch wanna term work . ;For example , during the 2006 World Cup in Germany , numerous teams aimed to demonstrate strong teamwork .;[];['For example , in the 2 0 0 6 World Cup form Germany , many coaches on a team work . ', 'For example , in the 2 0 0 6 World Cup in Germany , many coaches wanted teamwork . ', 'For example , in the 2 0 0 6 world cup form Germany , as many conch wanna term work . ', 'For example , in the 2 0 0 6 World Cup in Germany , many coaches wanted team work . ']
false;Many Scientists obtained clear results of investigations after the facts were on the table before they could even began to theorise about them . ;Many scientists were able to obtain clear results from their investigations only after the facts were laid out , even before they began to theorize about them .;[];['Many Scientists obtained clear results of investigations after the facts were on the table , but before they could even begin to theorize about them . ', 'Many scientists obtained clear results from the investigations after the facts were on the table but before they even began to theorize about them . ', 'Many scientists obtained clear results of investigations after the facts were on the table , and before they could even begin to theorize about them . ', 'Many Scientists obtained clear results of investigations after the facts were on the table , before they could even begin to theorize about them . ']
false;They want to make people understend thet dhe product is the best and really you can trust on it . ;They aim to convey that their product is the best and truly trustworthy .;[];['They want to make people understand that their product is the best and you can really trust it . ', 'They want people to understand that the product is the best and you can really trust it . ', 'They want to make people understand that the product is the best , and you really can trust it . ', 'They want to make people understand that the product is the best and you really can trust it . ']
false;There can be any other theories about migrating reason and about the methods of migrating . ;There can be various theories regarding the reasons for migration and the methods used .;[];['There can be many other theories about the reasons for and methods of migration . ', 'There are many theories about the reasons for migrating and the methods of migrating . ', 'There can be other theories about the reason for migrating and about the methods of migrating . ', 'There can be many other theories about reasons for migrating and the methods of migrating . ']
false;Thus , the environmental issue will push more people to consider another way to commute instead of driving a car . ;Therefore , environmental concerns will encourage more people to explore alternative commuting options instead of driving a car .;[];['Thus , the environmental issue will encourage more people to consider ways to commute other than driving a car . ', 'Thus , the environmental issue will push more people to consider other ways to commute , rather than driving a car . ', 'Thus , the environmental issue will push more people to consider another way to commute instead of driving a car . ', 'Thus , the environmental issue will push more people to consider another way to commute instead of driving a car . ']
false;On the other hand , he /she can continue doing what they do well and hope to be noticed . ;Conversely , they can keep excelling at what they do and hope to be recognized .;[];['On the other hand , he /she can continue doing what they do well and hope to be noticed . ', 'On the other hand , he/she can continue doing what they do well and hope to be noticed . ', 'On the other hand , he/she can continue doing what they do well and hope to be noticed . ', 'On the other hand , he or she can continue doing what they do well and hope to be noticed . ']
false;Video is convenient , but , if teachers concern about students , so using texetbooks gives good ability for students . ;Video can be convenient , but if teachers are truly concerned about their students , using textbooks can provide valuable benefits .;[];['Video is convenient , but if teachers are concerned about students , using textbooks is a good ability for students . ', 'Video is convenient , but for teachers concerned about their students , the use of textbooks provides students with good abilities . ', 'Video is convenient , but if teachers care about students , using textbooks works better for students . ', 'Video is convenient , but if teachers are concerned about students , using textbooks can give students good abilities . ']
false;They tend to restrict traffic in certain days , hours , increasing parking fees , etc . ;They often restrict traffic on specific days and during certain hours , and they also increase parking fees , among other measures .;[];['They tend to restrict traffic on certain days and hours , and increase parking fees , etc . ', 'They tend to restrict traffic on certain days and between certain hours and increase parking fees , etc . ', 'They tend to restrict traffic during certain days and hours by increasing parking fees , etc . ', 'They tend to restrict traffic on certain days , hours , and increase parking fees , etc . ']
