So , I think we could not live if older generations had not discovered science and technology and had not developed them . 
Here was no promise of morning except that when we looked up through the trees , we saw how low the forest had swung . 
Thus , even today , sex is considered the least important topic in many parts of India . 
Imagine yourself working in a factory , where your sole responsibility is to put tires on cars . If you were to be fired , you would be devastated because you don't know how to do anything other than putting tires on cars . 
They attract consumers like me to purchase their product with all these amazing ingredients and claims , but sometimes they just fabricate information to increase their sales . 
I want to talk about harmful or bad products like alcohol , hair spray , and cigarettes . 
For example , they can play football whenever they want , but the older ones cannot . 
The text suggests that Diana Krall is wearing a Rolex watch . It implies that if the reader wants to belong to the exclusive club—not necessarily of Rolex watch wearers , but of highly talented , sophisticated , and competent artists—they should also have a Rolex . 
The work of the media , including television , magazines , and all other forms of publicity , affects the emotions of many people around the world , encouraging them to buy whatever they can . 
Since most urban areas are occupied by cars , they are all facing the irresistible problem of air and noise pollution . 
It is true that consumers prefer to buy products at lower prices , but when international companies that already have certification begin to enter the market , people will prefer to consume their products because the difference in prices is probably not going to affect them too much . 
If a person doesn't have good health , it means they could lose many things . 
Many studies over the last 50 years have shown that people who have fluoride in their drinking water have considerably fewer cavities than people who drink non-fluoridated water . 
Likewise , the theory generated from the concept of memory is also not an appropriate approach due to limited memory . 
I was very fast . My best time was 55 seconds in 400 meters , which is a good time in our country . 
If individuals in this society do not study , they will never understand or grasp opportunities and ideas . It is very important in this situation , and I am also very interested and prefer studying material . 
We need to be aware of this problem . It's serious , but most people don't know about it . 
Students can focus on only a few subjects they are interested in , and they will become experts in those areas . 
However , this also means that the country needs to spend extra money to build and repair roads . What they did was reduce the amount of gas consumers used , raise the gas tax , and lower the income tax because they thought that only raising the gas tax would be unfair . 
Today , MBA students with a background in engineering are in high demand . 
For young people , the best approach is to study as hard as possible to achieve better grades , which will increase their chances of finding better jobs in the future . 
The school tries to teach the students a bit about every branch of science that exists . 
Specializing in one particular subject does not suit our lives in this era , which is characterized by diversity and innovation . 
I will explain my points of view in the following paragraphs . 
These activities make the community a better place to live and inculcate these values in all the members . 
Because all that broad knowledge helps them to understand their major in university as well as helps them to make a correct choice in specialized study . 
And it was very easy for me to understand why he always brought bad grades home . 
Then , when we went to the Science Olympiad , she had diverse knowledge about the subjects , and it was not new for her to think about new things . 
If everyone thinks about learning and understanding many scientific subjects , then no one will do it , and as a result , science will not be improved . 
Thus , in concordance with the above , I wholeheartedly agree that in twenty years , there will be fewer cars in use than there are today . 
Third , place the butt in front of the store door to make people see it , even if it is not good . 
Very soon , they will run out at the current rate of utilization . 
In the lecture , however , the professor opposes the reading statement . 
In order to do this , they would need to learn additional skills , either theoretical or practical , that would increase their understanding and future application of their chosen subject . 
If you want to sell a product , you should create a beautiful image around it . 
Secondly , the setting of the film must be very clear and the atmosphere should be relaxed , etc . 
This will serve as proof of a speeding offense so that police officers can easily catch the violators . 
I have never stopped to think about this , but it is a real possibility for the future . 
Young has his own field and works hard in it , contributing many benefits to society . 
If we consider an idea as a completely autonomous concept within the individual process of defining reality , I will state that ideas are useless if they are not based on experience . 
He or she wants to know everything about the universe , God , death , etc . These are concepts that can inspire a lot of ideas , but the facts have not yet been discovered . 
It is so expensive that only those people can afford to do this in addition to their everyday living . 
They make very high profits year after year , and the numbers also increase consistently . 
For this reason , the number of cars will decrease in the future . 
So he took it upon himself to narrow his research on this subject , which was a mystery to the world . 
Others who don't have this concept will sell uncertified wood . 
If there are specialized doctors , the doctor has performed the operation many times before , so he is very talented at his job . 
Also , I have traveled in a group without a tour guide . 
The school teachers are the ones who shape the future of the young generation , so we must provide them with the resources and support they need to impart better knowledge . 
But most of the time it is important because most students are not bad , and their thoughts and ideas are very important . 
Otherwise , it will be a problem for us to understand certain things in life . 
I enjoy participating in these kinds of activities and meeting many people who also like to do so . 
He mainly concentrates on the questions asked of him during the interview . 
Because when we learn about some subjects , we should have more information about what we study so that the student will get the information more easily and more effectively . This is my first reason . 
In a market economy , the price must reflect the cost of the product and the consumer's willingness to buy the product . 
Some tour guides who insist on maximum security can make tours difficult because you'll only get a wonderful view through the bus . 
It is obvious that after returning , I was tired , and the night is meant for sleep . 
Nowadays , we need people who are capable of all sorts of work . 
Finally , fish farming contributes to long-term wastefulness , which can pollute the sea . 
Establishing connections with other researchers will open the door to new projects . 
He knows that there is no return for his help to others . 
Furthermore , my friends , who are nineteen years old , drive their own cars and always want to buy a new one . 
As the cities were smaller , there was less violence , noise , and traffic . 
Even though he knows the advertisement is unrealistic or looks too pretty , he is still going to buy the product . 
These are several opposing points I observed between the lecture and the passage . 
Even though she does not have a job , she still needs a car to pick up her kids or go shopping . 
It kept the Anasazi from living in the American Southwest due to the very high temperatures , which caused droughts . 
Because one time you achieve success , and the next time , why not ? 
While at university , he might specialize in a subject while still taking a number of diverse courses . 
Both of these men have dealt with situations in an unconventional manner , and the results are evident for everyone to see . 
Moreover , taking risks teaches you to accept both winning and losing , which is the most important lesson one should learn in order to achieve any kind of objective . 
I would like to personally plan my activities during the trip to make the most of it . 
It's normal : propose something to the client and construct something different . It is the best way (and it's legal ! ) . 
This is how we are transforming our society at present . The fact of being against this statement is that we are focusing on what we want in the moment in order to have a great time . 
Not only this , but without a clear understanding of what is being taught , the student would not be able to perform well on the tests . 
For example : A man whose hobby is playing football must want to play all day and night , and then all night and day again . 
Although a few lucky ones struck gold , most people simply vanished as they left their homes , only to be forgotten . Some of them even developed obsessions with the western mirage . 
And like the citizens of developed countries , these people also want to own cars . 
We gain extensive exposure to many subjects effectively and effortlessly . 
But on the other hand , there are also people who are often convinced by the interesting advertisements they see everywhere . Because of this , many times they face problems with the products they bought , and often there is no way to return the product . 
They take responsibility for the future of their society and the results ; it can be the most helpful thing for society . 
And you can change your views and ideas , but you cannot change your facts . 
An older person has to give way to a younger one , no matter whether they like it or not . 
Ever-increasing competency rates force them into frequent business model changes for compatible transitional flexibility . 
However , this reading passage casts doubt on the speaker's mention . 
That gives us a lot of opportunities to think . 
The placebo effect is not an illusion but real , so the drug was affected by the placebo effect . 
When I travel to see something I want to visit , I often don't know whether it will be open or closed , even if I have researched it beforehand . It might be suddenly closed . 
Its cost is half that of the others , but the lifecycle is the same . 
What we do now , we will be able to do later . 
In my opinion , there are two kinds of studies : highly technical ones and others . 
Thus , we begin to share information and ask about our weaker subjects . 
For example , in the 2006 World Cup held in Germany , many countries wanted to participate . 
Many scientists obtained clear results from investigations after the facts were on the table , before they could even begin to theorize about them . 
They want to make people understand that the product is the best and that you can really trust it . 
There can be various other theories about the reasons for migration and the methods of migrating . 
Thus , the environmental issue will push more people to consider alternative ways of commuting instead of driving a car . 
On the other hand , they can continue doing what they do well and hope to be noticed . 
Video is convenient , but if teachers are concerned about students , using textbooks provides a good learning experience for them . 
They tend to restrict traffic on certain days and during specific hours , increase parking fees , etc . 